Method;Job;AnalyzeLaunchVariance;EvaluateOverhead;MaxAbsoluteError;MaxRelativeError;MinInvokeCount;MinIterationTime;OutlierMode;Affinity;EnvironmentVariables;Jit;LargeAddressAware;Platform;PowerPlanMode;Runtime;AllowVeryLargeObjects;Concurrent;CpuGroups;Force;HeapAffinitizeMask;HeapCount;NoAffinitize;RetainVm;Server;Arguments;BuildConfiguration;Clock;EngineFactory;NuGetReferences;Toolchain;IsMutator;InvocationCount;IterationCount;IterationTime;LaunchCount;MaxIterationCount;MaxWarmupIterationCount;MemoryRandomization;MinIterationCount;MinWarmupIterationCount;RunStrategy;UnrollFactor;WarmupCount;whichGrid;Mean;Error;StdDev;Gen0;Gen1;Gen2;Allocated
Running_Astar;DefaultJob;False;Default;Default;Default;Default;Default;Default;111111111111;Empty;RyuJit;Default;X64;8c5e7fda-e8bf-4a96-9a85-a6e23a8c635c;.NET 8.0;False;True;False;True;Default;Default;False;False;False;Default;Default;Default;Default;Default;Default;Default;Default;Default;Default;Default;Default;Default;Default;Default;Default;Default;16;Default;0;18.852 μs;0.0567 μs;0.0443 μs;9.0027;0.4272;0.0000;55.27 KB
Running_CnC;DefaultJob;False;Default;Default;Default;Default;Default;Default;111111111111;Empty;RyuJit;Default;X64;8c5e7fda-e8bf-4a96-9a85-a6e23a8c635c;.NET 8.0;False;True;False;True;Default;Default;False;False;False;Default;Default;Default;Default;Default;Default;Default;Default;Default;Default;Default;Default;Default;Default;Default;Default;Default;16;Default;0;4.299 μs;0.0122 μs;0.0102 μs;1.9073;0.0076;0.0000;11.71 KB
Running_JPS;DefaultJob;False;Default;Default;Default;Default;Default;Default;111111111111;Empty;RyuJit;Default;X64;8c5e7fda-e8bf-4a96-9a85-a6e23a8c635c;.NET 8.0;False;True;False;True;Default;Default;False;False;False;Default;Default;Default;Default;Default;Default;Default;Default;Default;Default;Default;Default;Default;Default;Default;Default;Default;16;Default;0;16.216 μs;0.1034 μs;0.0864 μs;5.7068;0.0610;0.0000;35.07 KB
Running_Astar;DefaultJob;False;Default;Default;Default;Default;Default;Default;111111111111;Empty;RyuJit;Default;X64;8c5e7fda-e8bf-4a96-9a85-a6e23a8c635c;.NET 8.0;False;True;False;True;Default;Default;False;False;False;Default;Default;Default;Default;Default;Default;Default;Default;Default;Default;Default;Default;Default;Default;Default;Default;Default;16;Default;1;64.502 μs;0.1908 μs;0.1785 μs;27.4658;2.6855;0.0000;168.29 KB
Running_CnC;DefaultJob;False;Default;Default;Default;Default;Default;Default;111111111111;Empty;RyuJit;Default;X64;8c5e7fda-e8bf-4a96-9a85-a6e23a8c635c;.NET 8.0;False;True;False;True;Default;Default;False;False;False;Default;Default;Default;Default;Default;Default;Default;Default;Default;Default;Default;Default;Default;Default;Default;Default;Default;16;Default;1;3.035 μs;0.0084 μs;0.0074 μs;1.4954;0.0305;0.0000;9.16 KB
Running_JPS;DefaultJob;False;Default;Default;Default;Default;Default;Default;111111111111;Empty;RyuJit;Default;X64;8c5e7fda-e8bf-4a96-9a85-a6e23a8c635c;.NET 8.0;False;True;False;True;Default;Default;False;False;False;Default;Default;Default;Default;Default;Default;Default;Default;Default;Default;Default;Default;Default;Default;Default;Default;Default;16;Default;1;309.884 μs;0.4307 μs;0.3818 μs;76.1719;0.0000;0.0000;468.96 KB
Running_Astar;DefaultJob;False;Default;Default;Default;Default;Default;Default;111111111111;Empty;RyuJit;Default;X64;8c5e7fda-e8bf-4a96-9a85-a6e23a8c635c;.NET 8.0;False;True;False;True;Default;Default;False;False;False;Default;Default;Default;Default;Default;Default;Default;Default;Default;Default;Default;Default;Default;Default;Default;Default;Default;16;Default;2;445.355 μs;0.9663 μs;0.8566 μs;192.8711;63.9648;0.0000;1184.12 KB
Running_CnC;DefaultJob;False;Default;Default;Default;Default;Default;Default;111111111111;Empty;RyuJit;Default;X64;8c5e7fda-e8bf-4a96-9a85-a6e23a8c635c;.NET 8.0;False;True;False;True;Default;Default;False;False;False;Default;Default;Default;Default;Default;Default;Default;Default;Default;Default;Default;Default;Default;Default;Default;Default;Default;16;Default;2;61.252 μs;0.1619 μs;0.1515 μs;26.2451;1.3428;0.0000;160.81 KB
Running_JPS;DefaultJob;False;Default;Default;Default;Default;Default;Default;111111111111;Empty;RyuJit;Default;X64;8c5e7fda-e8bf-4a96-9a85-a6e23a8c635c;.NET 8.0;False;True;False;True;Default;Default;False;False;False;Default;Default;Default;Default;Default;Default;Default;Default;Default;Default;Default;Default;Default;Default;Default;Default;Default;16;Default;2;761.891 μs;1.8906 μs;1.5788 μs;263.6719;0.9766;0.0000;1620.57 KB
Running_Astar;DefaultJob;False;Default;Default;Default;Default;Default;Default;111111111111;Empty;RyuJit;Default;X64;8c5e7fda-e8bf-4a96-9a85-a6e23a8c635c;.NET 8.0;False;True;False;True;Default;Default;False;False;False;Default;Default;Default;Default;Default;Default;Default;Default;Default;Default;Default;Default;Default;Default;Default;Default;Default;16;Default;3;"1,590.032 μs";4.3482 μs;4.0673 μs;740.2344;5.8594;0.0000;4545.92 KB
Running_CnC;DefaultJob;False;Default;Default;Default;Default;Default;Default;111111111111;Empty;RyuJit;Default;X64;8c5e7fda-e8bf-4a96-9a85-a6e23a8c635c;.NET 8.0;False;True;False;True;Default;Default;False;False;False;Default;Default;Default;Default;Default;Default;Default;Default;Default;Default;Default;Default;Default;Default;Default;Default;Default;16;Default;3;123.064 μs;0.2259 μs;0.2113 μs;56.1523;4.1504;0.0000;344.68 KB
Running_JPS;DefaultJob;False;Default;Default;Default;Default;Default;Default;111111111111;Empty;RyuJit;Default;X64;8c5e7fda-e8bf-4a96-9a85-a6e23a8c635c;.NET 8.0;False;True;False;True;Default;Default;False;False;False;Default;Default;Default;Default;Default;Default;Default;Default;Default;Default;Default;Default;Default;Default;Default;Default;Default;16;Default;3;"1,109.242 μs";1.8489 μs;1.5439 μs;460.9375;9.7656;0.0000;2832.15 KB
Running_Astar;DefaultJob;False;Default;Default;Default;Default;Default;Default;111111111111;Empty;RyuJit;Default;X64;8c5e7fda-e8bf-4a96-9a85-a6e23a8c635c;.NET 8.0;False;True;False;True;Default;Default;False;False;False;Default;Default;Default;Default;Default;Default;Default;Default;Default;Default;Default;Default;Default;Default;Default;Default;Default;16;Default;4;"1,070.885 μs";2.2024 μs;2.0602 μs;494.1406;164.0625;0.0000;3033.32 KB
Running_CnC;DefaultJob;False;Default;Default;Default;Default;Default;Default;111111111111;Empty;RyuJit;Default;X64;8c5e7fda-e8bf-4a96-9a85-a6e23a8c635c;.NET 8.0;False;True;False;True;Default;Default;False;False;False;Default;Default;Default;Default;Default;Default;Default;Default;Default;Default;Default;Default;Default;Default;Default;Default;Default;16;Default;4;138.792 μs;0.3084 μs;0.2408 μs;69.0918;6.8359;0.0000;423.45 KB
Running_JPS;DefaultJob;False;Default;Default;Default;Default;Default;Default;111111111111;Empty;RyuJit;Default;X64;8c5e7fda-e8bf-4a96-9a85-a6e23a8c635c;.NET 8.0;False;True;False;True;Default;Default;False;False;False;Default;Default;Default;Default;Default;Default;Default;Default;Default;Default;Default;Default;Default;Default;Default;Default;Default;16;Default;4;"1,026.365 μs";3.4304 μs;4.2128 μs;539.0625;5.8594;0.0000;3308.48 KB
Running_Astar;DefaultJob;False;Default;Default;Default;Default;Default;Default;111111111111;Empty;RyuJit;Default;X64;8c5e7fda-e8bf-4a96-9a85-a6e23a8c635c;.NET 8.0;False;True;False;True;Default;Default;False;False;False;Default;Default;Default;Default;Default;Default;Default;Default;Default;Default;Default;Default;Default;Default;Default;Default;Default;16;Default;5;"12,737.731 μs";47.2606 μs;41.8953 μs;7140.6250;93.7500;46.8750;43888.2 KB
Running_CnC;DefaultJob;False;Default;Default;Default;Default;Default;Default;111111111111;Empty;RyuJit;Default;X64;8c5e7fda-e8bf-4a96-9a85-a6e23a8c635c;.NET 8.0;False;True;False;True;Default;Default;False;False;False;Default;Default;Default;Default;Default;Default;Default;Default;Default;Default;Default;Default;Default;Default;Default;Default;Default;16;Default;5;"1,850.691 μs";9.6386 μs;8.5444 μs;1099.6094;76.1719;0.0000;6738.78 KB
Running_JPS;DefaultJob;False;Default;Default;Default;Default;Default;Default;111111111111;Empty;RyuJit;Default;X64;8c5e7fda-e8bf-4a96-9a85-a6e23a8c635c;.NET 8.0;False;True;False;True;Default;Default;False;False;False;Default;Default;Default;Default;Default;Default;Default;Default;Default;Default;Default;Default;Default;Default;Default;Default;Default;16;Default;5;"3,930.683 μs";14.5553 μs;12.1544 μs;2687.5000;62.5000;0.0000;16484.62 KB
Running_Astar;DefaultJob;False;Default;Default;Default;Default;Default;Default;111111111111;Empty;RyuJit;Default;X64;8c5e7fda-e8bf-4a96-9a85-a6e23a8c635c;.NET 8.0;False;True;False;True;Default;Default;False;False;False;Default;Default;Default;Default;Default;Default;Default;Default;Default;Default;Default;Default;Default;Default;Default;Default;Default;16;Default;6;402.252 μs;1.8493 μs;1.4438 μs;225.5859;39.5508;0.0000;1382.41 KB
Running_CnC;DefaultJob;False;Default;Default;Default;Default;Default;Default;111111111111;Empty;RyuJit;Default;X64;8c5e7fda-e8bf-4a96-9a85-a6e23a8c635c;.NET 8.0;False;True;False;True;Default;Default;False;False;False;Default;Default;Default;Default;Default;Default;Default;Default;Default;Default;Default;Default;Default;Default;Default;Default;Default;16;Default;6;"1,635.355 μs";3.3617 μs;2.9801 μs;1050.7813;56.6406;0.0000;6445.03 KB
Running_JPS;DefaultJob;False;Default;Default;Default;Default;Default;Default;111111111111;Empty;RyuJit;Default;X64;8c5e7fda-e8bf-4a96-9a85-a6e23a8c635c;.NET 8.0;False;True;False;True;Default;Default;False;False;False;Default;Default;Default;Default;Default;Default;Default;Default;Default;Default;Default;Default;Default;Default;Default;Default;Default;16;Default;6;"11,153.111 μs";30.6638 μs;25.6057 μs;7265.6250;31.2500;0.0000;44595.2 KB
Running_Astar;DefaultJob;False;Default;Default;Default;Default;Default;Default;111111111111;Empty;RyuJit;Default;X64;8c5e7fda-e8bf-4a96-9a85-a6e23a8c635c;.NET 8.0;False;True;False;True;Default;Default;False;False;False;Default;Default;Default;Default;Default;Default;Default;Default;Default;Default;Default;Default;Default;Default;Default;Default;Default;16;Default;7;"1,319.501 μs";3.9451 μs;3.6902 μs;669.9219;167.9688;0.0000;4106.09 KB
Running_CnC;DefaultJob;False;Default;Default;Default;Default;Default;Default;111111111111;Empty;RyuJit;Default;X64;8c5e7fda-e8bf-4a96-9a85-a6e23a8c635c;.NET 8.0;False;True;False;True;Default;Default;False;False;False;Default;Default;Default;Default;Default;Default;Default;Default;Default;Default;Default;Default;Default;Default;Default;Default;Default;16;Default;7;138.814 μs;0.6342 μs;0.5622 μs;71.7773;3.1738;0.0000;440.03 KB
Running_JPS;DefaultJob;False;Default;Default;Default;Default;Default;Default;111111111111;Empty;RyuJit;Default;X64;8c5e7fda-e8bf-4a96-9a85-a6e23a8c635c;.NET 8.0;False;True;False;True;Default;Default;False;False;False;Default;Default;Default;Default;Default;Default;Default;Default;Default;Default;Default;Default;Default;Default;Default;Default;Default;16;Default;7;"2,161.441 μs";3.6490 μs;3.2348 μs;1320.3125;23.4375;0.0000;8102.46 KB
